timestamp,model_task,latency_ms,prompt,output,metadata
2025-11-11 17:52:53,/translate-text,43939.25,"ग्राहक सेवा का मुख्य उद्देश्य ग्राहकों की समस्याएँ पहचानकर उनका समाधान जल्दी और स्पष्ट तरीके से करना है। इसमें ऑर्डर की स्थिति बताना, रिटर्न और रिफंड प्रोसेस करना, गलत या खराब प्रोडक्ट की शिकायत संभालना, डिलीवरी में देरी की जानकारी देना, और वारंटी से जुड़ी सहायता प्रदान करना शामिल है। अच्छी ग्राहक सेवा ग्राहक के अनुभव को बेहतर बनाती है, ब्रांड पर भरोसा बढ़ाती है, और लंबे समय के संबंध बनाने में मदद करती है।","The main objective of customer service is to identify customer problems and resolve them quickly and clearly. It includes reporting order status, processing returns and refunds, handling complaints of incorrect or defective products, informing of delays in delivery, and providing warranty-related support. Good customer service improves the customer experience, builds brand trust, and helps build long-term relationships.","{""src"": ""hin_Deva"", ""tgt"": ""eng_Latn"", ""out_len"": 423, ""model_version"": ""translator/v1""}"
2025-11-11 18:29:45,/summarize-text,10303.38,"Summarize the following customer service conversation. Focus on the customer's issue, agent's response, resolution offered, and any constraints mentioned:  Customer:My order was supposed to arrive yesterday, but nothing showed up. Tracking hasn’t updated for 3 days. What’s going on? Agent:Give me the order ID. Customer:#456-99812-AA Agent:The carrier screwed up. Package is stuck at their hub. ETA is now 2–3 days. Do you still want it, or do you want a refund? Customer:I needed it yesterday. Just cancel it. Agent:I can’t cancel while it’s in transit. The only options are:You wait and return it once delivered, or I issue a replacement now. Customer:Fine, replacement. Agent:Done. Replacement will arrive by Tuesday. You’ll get an email confirmation shortly. Customer:Will I be charged again? Agent:No. If the original package eventually shows up, reject it. Customer:Okay. Agent:Anything else? Customer:No, that’s it.","Customer's order was supposed to arrive yesterday, but the tracking hasn't updated for 3 days. The carrier screwed up and the package is stuck at their hub. The replacement will arrive by Tuesday and the customer will get an email confirmation shortly. If the original package eventually shows up, reject it.","{""summary_len"": 308, ""model_version"": ""summarizer/v1""}"
2025-11-11 18:31:03,/question-answering,629.61,"Context: The customer, Rohan Sharma, placed an order on January 25, 2025 for a Samsung Galaxy Watch 6 (Graphite, 44mm) priced at ₹29,999. The payment was completed via UPI (PhonePe).The item was shipped on January 26, 2025 through BlueDart with tracking number BDX782349191IN. The current tracking status shows “In transit — delayed due to logistical issues”, with the last scan recorded on January 30, 2025 at the Bhiwandi facility (Maharashtra). The estimated delivery date is February 2, 2025, but there is no further movement for the last 48 hours. The delivery address is House No. 402, Punit Residency, Sector 9, Gandhinagar, Gujarat — 382009.No replacement or refund has been initiated so far, and this is the first complaint raised by the customer. | Question: What is the current status of the order?","“In transit — delayed due to logistical issues”,","{""answer_len"": 48, ""model_version"": ""qa_model/v1""}"
2025-11-11 18:32:30,/question-answering,84.23,"Context: The customer, Rohan Sharma, placed an order on January 25, 2025 for a Samsung Galaxy Watch 6 (Graphite, 44mm) priced at ₹29,999. The payment was completed via UPI (PhonePe).The item was shipped on January 26, 2025 through BlueDart with tracking number BDX782349191IN. The current tracking status shows “In transit — delayed due to logistical issues”, with the last scan recorded on January 30, 2025 at the Bhiwandi facility (Maharashtra). The estimated delivery date is February 2, 2025, but there is no further movement for the last 48 hours. The delivery address is House No. 402, Punit Residency, Sector 9, Gandhinagar, Gujarat — 382009.No replacement or refund has been initiated so far, and this is the first complaint raised by the customer. | Question: What is the current status of the order?","“In transit — delayed due to logistical issues”,","{""answer_len"": 48, ""model_version"": ""qa_model/v1""}"
2025-11-11 18:33:03,/check-item-return-eligibility,7097.42,Image file uploaded: data cable 3.jpg (image/jpeg),"{'is_defective': True, 'predicted_label': 'a broken product', 'eligible_for_return': True}","{""eligible"": ""not_eligible"", ""confidence"": null, ""file_size_bytes"": 50278, ""model_version"": ""/check-item-return-eligibility""}"
2025-11-11 18:34:50,/audio-transcribe,35869.25,Audio file uploaded: Hindi Audio.wav,के रवैया का अन्मान तभी लग जाना था जब जम्मु कासमेर में बद्लाव किये गए थे चीन की हरकत का अन्मान दस महिने पहले लग जाना था,"{""transcription_len"": 119, ""model_version"": ""/audio-transcribe""}"
2025-11-11 18:38:16,/audio-transcribe-translate,47790.68,Audio file uploaded for ASR and Translation: Hindi Audio.wav,China's stance had to be reversed only when the Jammu and Kashmir was reversed ten months ago.,"{""translation_len"": 94, ""model_version"": ""/audio-transcribe-translate""}"
2025-11-11 18:46:36,/check-item-return-eligibility,6556.6,Image file uploaded: data cable 3.jpg (image/jpeg),"{'is_defective': True, 'predicted_label': 'a broken product', 'eligible_for_return': True}","{""eligible"": true, ""predicted_label"": ""a broken product"", ""file_size_bytes"": 50278, ""model_version"": ""/check-item-return-eligibility""}"
2025-11-11 19:49:15,/question-answering,726.2,"Context: The customer, Rohan Sharma, placed an order on January 25, 2025 for a Samsung Galaxy Watch 6 (Graphite, 44mm) priced at ₹29,999. The payment was completed via UPI (PhonePe).The item was shipped on January 26, 2025 through BlueDart with tracking number BDX782349191IN. The current tracking status shows “In transit — delayed due to logistical issues”, with the last scan recorded on January 30, 2025 at the Bhiwandi facility (Maharashtra). The estimated delivery date is February 2, 2025, but there is no further movement for the last 48 hours. The delivery address is House No. 402, Punit Residency, Sector 9, Gandhinagar, Gujarat — 382009.No replacement or refund has been initiated so far, and this is the first complaint raised by the customer. | Question: What is the current status of the order?","“In transit — delayed due to logistical issues”,","{""answer_len"": 48, ""prompt_version"": ""N/A"", ""model_version"": ""qa_model/v1""}"
2025-11-11 19:49:50,/summarize-text,4196.23,"Summarize the following customer service conversation. Focus on the customer's issue, agent's response, resolution offered, and any constraints mentioned:  Customer:My order was supposed to arrive yesterday, but nothing showed up. Tracking hasn’t updated for 3 days. What’s going on? Agent:Give me the order ID. Customer:#456-99812-AA Agent:The carrier screwed up. Package is stuck at their hub. ETA is now 2–3 days. Do you still want it, or do you want a refund? Customer:I needed it yesterday. Just cancel it. Agent:I can’t cancel while it’s in transit. The only options are:You wait and return it once delivered, or I issue a replacement now. Customer:Fine, replacement. Agent:Done. Replacement will arrive by Tuesday. You’ll get an email confirmation shortly. Customer:Will I be charged again? Agent:No. If the original package eventually shows up, reject it. Customer:Okay. Agent:Anything else? Customer:No, that’s it.","Customer's order was supposed to arrive yesterday, but the tracking hasn't updated for 3 days. The carrier screwed up and the package is stuck at their hub. The replacement will arrive by Tuesday and the customer will get an email confirmation shortly. If the original package eventually shows up, reject it.","{""summary_len"": 308, ""prompt_version"": ""v1"", ""model_version"": ""summarizer/v1""}"
2025-11-11 19:50:20,/translate-text,12180.75,"ग्राहक सेवा का मुख्य उद्देश्य ग्राहकों की समस्याएँ पहचानकर उनका समाधान जल्दी और स्पष्ट तरीके से करना है। इसमें ऑर्डर की स्थिति बताना, रिटर्न और रिफंड प्रोसेस करना, गलत या खराब प्रोडक्ट की शिकायत संभालना, डिलीवरी में देरी की जानकारी देना, और वारंटी से जुड़ी सहायता प्रदान करना शामिल है। अच्छी ग्राहक सेवा ग्राहक के अनुभव को बेहतर बनाती है, ब्रांड पर भरोसा बढ़ाती है, और लंबे समय के संबंध बनाने में मदद करती है।","The main objective of customer service is to identify customer problems and resolve them quickly and clearly. This includes reporting order status, processing returns and refunds, handling complaints of incorrect or defective products, informing of delays in delivery, and providing warranty-related support. Good customer service improves customer experience, builds brand trust, and helps build long-term relationships.","{""src"": ""hin_Deva"", ""tgt"": ""eng_Latn"", ""out_len"": 421, ""prompt_version"": ""v1"", ""model_version"": ""translator/v1""}"
2025-11-11 19:50:33,/check-item-return-eligibility,7459.19,Image file uploaded: data cable 3.jpg (image/jpeg),"{'is_defective': True, 'predicted_label': 'a broken product', 'eligible_for_return': True}","{""eligible"": true, ""predicted_label"": ""a broken product"", ""file_size_bytes"": 50278, ""prompt_version"": ""N/A"", ""model_version"": ""/check-item-return-eligibility""}"
2025-11-11 19:51:25,/audio-transcribe,35311.14,Audio file uploaded: Hindi Audio.wav,के रवैया का अन्मान तभी लग जाना था जब जम्मु कासमेर में बद्लाव किये गए थे चीन की हरकत का अन्मान दस महिने पहले लग जाना था,"{""file_name"": ""Hindi Audio.wav"", ""transcription_len"": 119, ""file_size_bytes"": 1707250, ""prompt_version"": ""N/A"", ""model_version"": ""/audio-transcribe""}"
